"label","x","y","side"
"1",250,250,50
"2",182.494729909315,409.591354690033,50
"3",417.907553450681,429.858683869091,50
"4",382.049971056963,136.761923433483,50
"5",162.227400730257,99.3453157182992,50
"6",120.133717050675,255.247847864899,50
"7",382.049971056963,306.695683473277,50
